region,model_name,total_images,dice_mean,dice_std,dice_min,dice_max,iou_mean,iou_std,iou_min,iou_max,precision_mean,precision_std,precision_min,precision_max,recall_mean,recall_std,recall_min,recall_max,pixel_accuracy_mean,pixel_accuracy_std,pixel_accuracy_min,pixel_accuracy_max
tropical_atlantic,CoralSCOP,1297,0.23389635079613508,0.27758578141189105,1.1854093282057804e-13,1.0,0.17002734853941695,0.2441500754739271,1.1854093282057804e-13,1.0,0.8916963297333964,0.2296340636802908,3.929365513521965e-12,1.0,0.17577933140221863,0.24995768030090587,1.1854093282057804e-13,1.0,0.8222409215631536,0.14885789551398082,0.18354956805706024,1.0
tropical_atlantic,EPFL_b2,1297,0.6274143879552326,0.2505748078505709,5.014361321997729e-13,1.0,0.5013796647280352,0.24680227735534727,5.014361321997729e-13,1.0,0.7439082614718832,0.24302649272646934,5.014361321997729e-13,1.0,0.6230054921712641,0.27937750563182684,3.770610993575341e-12,1.0,0.8929218077944533,0.08369761742907103,0.3578229248523712,1.0
tropical_atlantic,EPFL_b5,1297,0.6612253668100988,0.2402752415541771,2.7241639391321903e-13,1.0,0.5369053289254151,0.24411227915605407,2.7241639391321903e-13,1.0,0.7498523060489519,0.23963099514895514,2.7241639391321903e-13,1.0,0.6638158799243183,0.26336725827259655,1.5047029377698862e-12,1.0,0.8995079521546477,0.08310592668186687,0.39856716990470886,1.0
central_indopacific,CoralSCOP,1274,0.26458372399507424,0.244300188958815,4.273396415378772e-13,1.0,0.18009736886106628,0.20018119126115008,4.273396415378772e-13,1.0,0.8595663369767966,0.23313368618885122,5.582132846237986e-12,1.0,0.18848012874309808,0.21017790418113022,4.273396415378772e-13,1.0,0.7091360511883269,0.23144055718110162,0.0060383896343410015,1.0
central_indopacific,EPFL_b2,1274,0.7202427628076813,0.21164578567296527,1.0151428309068677e-12,0.9968745112419128,0.5979816290124657,0.21692383992476963,1.0151428309068677e-12,0.9937684535980225,0.6994819235014035,0.21996517166077484,1.0151428309068677e-12,1.0,0.8036552622636384,0.20246661024688634,1.3599706430444947e-11,1.0,0.8490776208695755,0.1257822780005232,0.07326515018939972,0.999377965927124
central_indopacific,EPFL_b5,1274,0.7359610636305869,0.20303932281875742,1.0053615925875725e-12,0.9979881644248962,0.6157302177395979,0.21287304906221063,1.0053615925875725e-12,0.9959844350814819,0.6902679932140066,0.20800899024528346,1.0053615925875725e-12,1.0,0.8536411690383615,0.19126964650328498,2.1787441642495686e-11,1.0,0.8553649472771578,0.11436801511853317,0.06424883008003235,0.9994208216667175
northern_pacific,CoralSCOP,728,0.09224820985522836,0.15491529599198145,1.6564932747969302e-13,1.0,0.05769212714545934,0.11761772976386184,1.6564932747969302e-13,1.0,0.9565249404356373,0.14755498965847597,7.924558231842127e-11,1.0,0.059067334402324624,0.12168995100961412,1.6564932747969302e-13,1.0,0.36463247863345893,0.35982497356514975,0.0,1.0
northern_pacific,EPFL_b2,728,0.664542699518535,0.2313786820016809,5.1195675303261634e-12,1.0,0.5382676197740865,0.23913115645959082,5.1195675303261634e-12,1.0,0.8976587738276044,0.1973881554825308,1.0772031704131546e-11,1.0,0.5706200316458702,0.23375385024630474,5.1195675303261634e-12,1.0,0.7346391926473518,0.17839442701638208,0.02494260109961033,1.0
northern_pacific,EPFL_b5,728,0.7200516355592974,0.24916643434479455,5.11506332082079e-12,1.0,0.6148258328301826,0.27388099395981574,5.11506332082079e-12,1.0,0.910858414791306,0.18194673205563172,1.720578124420058e-10,1.0,0.6446253501075759,0.26895393441672194,5.1195675303261634e-12,1.0,0.8047320719187565,0.169117046237825,0.0006475726841017604,1.0
